player,gender,source
Adam Kuhn,M,fandom_category
Adam Larson,M,fandom_category
Adam Royer,M,fandom_category
Adrienne Naylor,F,fandom_category
Alex Smith,M,fandom_category
Alton Williams,M,fandom_category
America Lopez,F,fandom_category
Analyse Talavera,F,fandom_category
Angela Babicz,F,fandom_category
Averey Tressler,F,fandom_category
Ayiiia Elizarrarás,F,fandom_category
Becky Blasband,F,fandom_category
Brandon Tindel,M,fandom_category
Brianna Julig,F,fandom_category
Brianna Taylor,F,fandom_category
Brittany Baldi,F,fandom_category
CJ Koegel,M,fandom_category
Cara Zavaleta,F,fandom_category
Carley Johnson,F,fandom_category
Cedric Hodges,M,fandom_category
Chadwick Pelletier,M,fandom_category
Cheyenne Floyd,F,fandom_category
Christena Pyle,F,fandom_category
Christina LeBlanc,F,fandom_category
Danny Dias,M,fandom_category
Danny Jamieson,M,fandom_category
Danny Roberts,M,fandom_category
Dave Giuntoli,M,fandom_category
David Burns,M,fandom_category
Dee Valladares,F,fandom_category
Elka Walker,F,fandom_category
Emily Schromm,F,fandom_category
Faith Stowers,F,fandom_category
Flora Alekseyeva,F,fandom_category
Frank Sweeney,M,fandom_category
Gus Smyrnios,M,fandom_category
Hailey Chivers,F,fandom_category
Heather Cooke,F,fandom_category
Holly Brentson,F,fandom_category
Holly Shand,F,fandom_category
Irulan Wilson,F,fandom_category
JD Ordoñez,M,fandom_category
Jake Cornish,M,fandom_category
Jakk Maddox,M,fandom_category
Jamie Banks,M,fandom_category
Jeff Barr,M,fandom_category
Jeremy Blossom,M,fandom_category
Jill Tuttle,F,fandom_category
John Jacobs,M,fandom_category
Johnny Middlebrooks,M,fandom_category
Jon Brennan,M,fandom_category
Jozea Flores,M,fandom_category
Julia Nolan,F,fandom_category
Kelley Limp,F,fandom_category
Kendal Sheppard,F,fandom_category
Kenny Clark,M,fandom_category
Kim Tränka,M,fandom_category
Lacey Buehler,F,fandom_category
Laura Waller,F,fandom_category
Leah Gillingwater,F,fandom_category
Leonardo Dionicio,M,fandom_category
Lindsay Brien,F,fandom_category
Luke Wolfe,M,fandom_category
Mallory Snyder,F,fandom_category
Mandi Moyer,F,fandom_category
Marlon Williams,M,fandom_category
Matt Smith,M,fandom_category
McKenzie Coburn,F,fandom_category
Michael Ross,M,fandom_category
Mitch Reid,M,fandom_category
Montana McGlynn,F,fandom_category
Morgan Willett,F,fandom_category
Nany Gonzalez,F,fandom_category
Naomi Defensor,F,fandom_category
Nate Siebenmark,M,fandom_category
Nate Stodghill,M,fandom_category
Nathan Blackburn,M,fandom_category
Noor Jehangir,M,fandom_category
Norman Korpi,M,fandom_category
Pete Connolly,M,fandom_category
Priscilla Mendez,F,fandom_category
Rachel Braband,F,fandom_category
Rachel Moyal,F,fandom_category
Rianna Polin,F,fandom_category
Robb Schreiber,M,fandom_category
Roni Martin,F,fandom_category
Sam Bird,M,fandom_category
Sam McGinn,F,fandom_category
Sandy Kang,F,fandom_category
Sarah Greyson,F,fandom_category
Sarah Rice,F,fandom_category
Stephen Williams,M,fandom_category
Steve Meinke,M,fandom_category
Susie Meister,F,fandom_category
Sydney Segal,F,fandom_category
Sydney Walker,F,fandom_category
Tamara Alfaro,F,fandom_category
Tara McDaniel,F,fandom_category
Timmy Beggy,M,fandom_category
Tommy Bracco,M,fandom_category
Trishelle Cannatella,F,fandom_category
Turbo Çamkıran,M,fandom_category
Ty Ruff,M,fandom_category
Vinny Foti,M,fandom_category
Will Gagnon,M,fandom_category
Yeremi Hykel,M,fandom_category
Zach Mann,M,fandom_category
