season_id,player,partner_order,partner
s05_battle_of_the_seasons,Holly Brentson,1,Theo von Kurnatowski
s05_battle_of_the_seasons,Theo von Kurnatowski,1,Holly Brentson
s05_battle_of_the_seasons,Becky Blasband,1,Norman Korpi
s05_battle_of_the_seasons,Norman Korpi,1,Becky Blasband
s05_battle_of_the_seasons,Coral Smith,1,Mike Mizanin
s05_battle_of_the_seasons,Mike Mizanin,1,Coral Smith
s05_battle_of_the_seasons,Danny Roberts,1,Kelley Limp
s05_battle_of_the_seasons,Kelley Limp,1,Danny Roberts
s05_battle_of_the_seasons,Beth Stolarczyk,1,Jon Brennan
s05_battle_of_the_seasons,Jon Brennan,1,Beth Stolarczyk
s05_battle_of_the_seasons,Chadwick Pelletier,1,Piggy Thomas
s05_battle_of_the_seasons,Piggy Thomas,1,Chadwick Pelletier
s05_battle_of_the_seasons,Emily Bailey,1,Timmy Beggy
s05_battle_of_the_seasons,Timmy Beggy,1,Emily Bailey
s05_battle_of_the_seasons,Veronica Portillo,1,Yes Duffy
s05_battle_of_the_seasons,Yes Duffy,1,Veronica Portillo
s05_battle_of_the_seasons,Lindsay Brien,1,Stephen Williams
s05_battle_of_the_seasons,Stephen Williams,1,Lindsay Brien
s05_battle_of_the_seasons,Dan Setzler,1,Tara McDaniel
s05_battle_of_the_seasons,Tara McDaniel,1,Dan Setzler
s05_battle_of_the_seasons,Elka Walker,1,Sean Duffy
s05_battle_of_the_seasons,Sean Duffy,1,Elka Walker
s05_battle_of_the_seasons,Mike Johnson,1,Sharon Gitau
s05_battle_of_the_seasons,Sharon Gitau,1,Mike Johnson
s05_battle_of_the_seasons,Belou Den Tex,1,Chris Melling
s05_battle_of_the_seasons,Chris Melling,1,Belou Den Tex
s05_battle_of_the_seasons,Flora Alekseyeva,1,Mike Lambert
s05_battle_of_the_seasons,Mike Lambert,1,Flora Alekseyeva
s05_battle_of_the_seasons,Adam Larson,1,Jisela Delgado
s05_battle_of_the_seasons,Jisela Delgado,1,Adam Larson
s05_battle_of_the_seasons,Holly Shand,1,Josh Florence
s05_battle_of_the_seasons,Josh Florence,1,Holly Shand
s06_battle_of_the_sexes,Amaya Brecher,1,Melissa Howard
s06_battle_of_the_sexes,Melissa Howard,1,Amaya Brecher
s06_battle_of_the_sexes,Dan Renzi,1,Jamie Murray
s06_battle_of_the_sexes,Jamie Murray,1,Dan Renzi
s06_battle_of_the_sexes,Puck Rainey,1,Theo Gantt
s06_battle_of_the_sexes,Theo Gantt,1,Puck Rainey
s06_battle_of_the_sexes,Ayanna Mackins,1,Ellen Cho
s06_battle_of_the_sexes,Ellen Cho,1,Ayanna Mackins
s12_fresh_meat,Coral Smith,1,Evan Starkman
s12_fresh_meat,Evan Starkman,1,Coral Smith
s12_fresh_meat,Wes Bergmann,1,Casey Cooper
s12_fresh_meat,Casey Cooper,1,Wes Bergmann
s12_fresh_meat,Danny Jamieson,1,Evelyn Smith
s12_fresh_meat,Evelyn Smith,1,Danny Jamieson
s12_fresh_meat,Melinda Collins,1,Ryan Kehoe
s12_fresh_meat,Ryan Kehoe,1,Melinda Collins
s12_fresh_meat,Theo von Kurnatowski,1,Chanda Sneed
s12_fresh_meat,Chanda Sneed,1,Theo von Kurnatowski
s12_fresh_meat,Johanna Botta,1,Jesse Stark
s12_fresh_meat,Jesse Stark,1,Johanna Botta
s12_fresh_meat,Tonya Cooley,1,Johnnie McBride
s12_fresh_meat,Johnnie McBride,1,Tonya Cooley
s12_fresh_meat,Shane Landrum,1,Linette Gallo
s12_fresh_meat,Linette Gallo,1,Shane Landrum
s12_fresh_meat,Katie Cooley,1,Big Easy Banks
s12_fresh_meat,Big Easy Banks,1,Katie Cooley
s12_fresh_meat,Tina Barta,1,Kenny Santucci
s12_fresh_meat,Kenny Santucci,1,Tina Barta
s12_fresh_meat,Darrell Taylor,1,Aviv Melmed
s12_fresh_meat,Aviv Melmed,1,Darrell Taylor
s12_fresh_meat,Derrick Kosinski,1,Diem Brown
s12_fresh_meat,Diem Brown,1,Derrick Kosinski
s13_the_duel,Brad Fiorenza,1,CT Tamburello
s13_the_duel,CT Tamburello,1,Brad Fiorenza
s13_the_duel,Aneesa Ferreira,1,Svetlana Shusterman
s13_the_duel,Svetlana Shusterman,1,Aneesa Ferreira
s16_the_island,Abram Boise,1,Kenny Santucci
s16_the_island,Kenny Santucci,1,Abram Boise
s16_the_island,KellyAnne Judd,1,Robin Hibbard
s16_the_island,Robin Hibbard,1,KellyAnne Judd
s16_the_island,Paula Meronek,1,Jenn Grijalva
s16_the_island,Jenn Grijalva,1,Paula Meronek
s19_fresh_meat_ii,Kenny Santucci,1,Laurel Stucky
s19_fresh_meat_ii,Laurel Stucky,1,Kenny Santucci
s19_fresh_meat_ii,Darrell Taylor,1,Cara Maria Sorbello
s19_fresh_meat_ii,Cara Maria Sorbello,1,Darrell Taylor
s19_fresh_meat_ii,Jillian Zoboroski,1,Pete Connolly
s19_fresh_meat_ii,Pete Connolly,1,Jillian Zoboroski
s19_fresh_meat_ii,Landon Lueck,1,Carley Johnson
s19_fresh_meat_ii,Carley Johnson,1,Landon Lueck
s19_fresh_meat_ii,Sarah Rice,1,Vinny Foti
s19_fresh_meat_ii,Vinny Foti,1,Sarah Rice
s19_fresh_meat_ii,Evelyn Smith,1,Luke Wolfe
s19_fresh_meat_ii,Luke Wolfe,1,Evelyn Smith
s19_fresh_meat_ii,Paula Meronek,1,Jeff Barr
s19_fresh_meat_ii,Jeff Barr,1,Paula Meronek
s19_fresh_meat_ii,CJ Koegel,1,Sydney Walker
s19_fresh_meat_ii,Sydney Walker,1,CJ Koegel
s19_fresh_meat_ii,Katelynn Cusanelli,1,Brandon Nelson
s19_fresh_meat_ii,Brandon Nelson,1,Katelynn Cusanelli
s19_fresh_meat_ii,Danny Jamieson,1,Sandy Kang
s19_fresh_meat_ii,Sandy Kang,1,Danny Jamieson
s19_fresh_meat_ii,Wes Bergmann,1,Mandi Moyer
s19_fresh_meat_ii,Mandi Moyer,1,Wes Bergmann
s19_fresh_meat_ii,Jenn Grijalva,1,Noor Jehangir
s19_fresh_meat_ii,Noor Jehangir,1,Jenn Grijalva
s19_fresh_meat_ii,Ryan Kehoe,1,Theresa Jones
s19_fresh_meat_ii,Theresa Jones,1,Ryan Kehoe
s21_rivals,Adam Royer,1,Leroy Garrett
s21_rivals,Leroy Garrett,1,Adam Royer
s21_rivals,Leroy Garrett,2,Michael Ross
s21_rivals,Jasmine Reynaud,1,Jonna Mannion
s21_rivals,Jonna Mannion,1,Jasmine Reynaud
s21_rivals,Evelyn Smith,1,Paula Meronek
s21_rivals,Paula Meronek,1,Evelyn Smith
s21_rivals,Aneesa Ferreira,1,Robin Hibbard
s21_rivals,Robin Hibbard,1,Aneesa Ferreira
s21_rivals,Adam King,1,CT Tamburello
s21_rivals,CT Tamburello,1,Adam King
s21_rivals,Kenny Santucci,1,Wes Bergmann
s21_rivals,Wes Bergmann,1,Kenny Santucci
s21_rivals,Davis Mallory,1,Tyri Ballard-Brown
s21_rivals,Tyri Ballard-Brown,1,Davis Mallory
s21_rivals,Cara Maria Sorbello,1,Laurel Stucky
s21_rivals,Laurel Stucky,1,Cara Maria Sorbello
s21_rivals,Camila Nakagawa,1,Theresa Jones
s21_rivals,Theresa Jones,1,Camila Nakagawa
s21_rivals,Johnny Bananas,1,Tyler Duckworth
s21_rivals,Tyler Duckworth,1,Johnny Bananas
s21_rivals,Brandon Nelson,1,Ty Ruff
s21_rivals,Ty Ruff,1,Brandon Nelson
s21_rivals,Jenn Grijalva,1,Mandi Moyer
s21_rivals,Mandi Moyer,1,Jenn Grijalva
s21_rivals,Katelynn Cusanelli,1,Sarah Rice
s21_rivals,Sarah Rice,1,Katelynn Cusanelli
s21_rivals,Evan Starkman,1,Nehemiah Clark
s21_rivals,Nehemiah Clark,1,Evan Starkman
s21_rivals,Michael Ross,1,Leroy Garrett
s22_battle_of_the_exes,Camila Nakagawa,1,Johnny Bananas
s22_battle_of_the_exes,Johnny Bananas,1,Camila Nakagawa
s22_battle_of_the_exes,Nate Stodghill,1,Priscilla Mendez
s22_battle_of_the_exes,Priscilla Mendez,1,Nate Stodghill
s22_battle_of_the_exes,Mandi Moyer,1,Wes Bergmann
s22_battle_of_the_exes,Wes Bergmann,1,Mandi Moyer
s22_battle_of_the_exes,Sarah Rice,1,Vinny Foti
s22_battle_of_the_exes,Vinny Foti,1,Sarah Rice
s22_battle_of_the_exes,Leroy Garrett,1,Naomi Defensor
s22_battle_of_the_exes,Naomi Defensor,1,Leroy Garrett
s22_battle_of_the_exes,Dunbar Merrill,1,Paula Meronek
s22_battle_of_the_exes,Paula Meronek,1,Dunbar Merrill
s22_battle_of_the_exes,Emily Schromm,1,Ty Ruff
s22_battle_of_the_exes,Ty Ruff,1,Emily Schromm
s22_battle_of_the_exes,Jasmine Reynaud,1,Tyri Ballard-Brown
s22_battle_of_the_exes,Tyri Ballard-Brown,1,Jasmine Reynaud
s22_battle_of_the_exes,Aneesa Ferreira,1,Rachel Robinson
s22_battle_of_the_exes,Rachel Robinson,1,Aneesa Ferreira
s22_battle_of_the_exes,Mark Long,1,Robin Hibbard
s22_battle_of_the_exes,Robin Hibbard,1,Mark Long
s22_battle_of_the_exes,Abram Boise,1,Cara Maria Sorbello
s22_battle_of_the_exes,Cara Maria Sorbello,1,Abram Boise
s22_battle_of_the_exes,CT Tamburello,1,Diem Brown
s22_battle_of_the_exes,Diem Brown,1,CT Tamburello
s23_battle_of_the_seasons_2012,Cara Maria Sorbello,1,Big Easy Banks
s23_battle_of_the_seasons_2012,Cara Maria Sorbello,2,Brandon Nelson
s23_battle_of_the_seasons_2012,Big Easy Banks,1,Cara Maria Sorbello
s23_battle_of_the_seasons_2012,Big Easy Banks,2,Camila Nakagawa
s23_battle_of_the_seasons_2012,Lacey Buehler,1,Wes Bergmann
s23_battle_of_the_seasons_2012,Wes Bergmann,1,Lacey Buehler
s23_battle_of_the_seasons_2012,Danny Jamieson,1,Melinda Collins
s23_battle_of_the_seasons_2012,Melinda Collins,1,Danny Jamieson
s23_battle_of_the_seasons_2012,Camila Nakagawa,1,Big Easy Banks
s23_battle_of_the_seasons_2012,Brandon Nelson,1,Cara Maria Sorbello
s23_battle_of_the_seasons_2012,Chet Cannon,1,Sarah Rice
s23_battle_of_the_seasons_2012,Sarah Rice,1,Chet Cannon
s23_battle_of_the_seasons_2012,Devyn Simone,1,JD Ordoñez
s23_battle_of_the_seasons_2012,JD Ordoñez,1,Devyn Simone
s23_battle_of_the_seasons_2012,McKenzie Coburn,1,Preston Roberson-Charles
s23_battle_of_the_seasons_2012,Preston Roberson-Charles,1,McKenzie Coburn
s23_battle_of_the_seasons_2012,Laura Waller,1,Trey Weatherholtz
s23_battle_of_the_seasons_2012,Trey Weatherholtz,1,Laura Waller
s23_battle_of_the_seasons_2012,Dustin Zito,1,Nany González
s23_battle_of_the_seasons_2012,Dustin Zito,2,Trishelle Cannatella
s23_battle_of_the_seasons_2012,Nany González,1,Dustin Zito
s23_battle_of_the_seasons_2012,Nany González,2,Alton Williams
s23_battle_of_the_seasons_2012,Jemmye Carroll,1,Ryan Knight
s23_battle_of_the_seasons_2012,Ryan Knight,1,Jemmye Carroll
s23_battle_of_the_seasons_2012,Sam McGinn,1,Zach Nichols
s23_battle_of_the_seasons_2012,Zach Nichols,1,Sam McGinn
s23_battle_of_the_seasons_2012,CJ Koegel,1,Jasmine Reynaud
s23_battle_of_the_seasons_2012,Jasmine Reynaud,1,CJ Koegel
s23_battle_of_the_seasons_2012,Marie Roda,1,Robb Schreiber
s23_battle_of_the_seasons_2012,Robb Schreiber,1,Marie Roda
s23_battle_of_the_seasons_2012,Alton Williams,1,Nany González
s23_battle_of_the_seasons_2012,Trishelle Cannatella,1,Dustin Zito
s23_battle_of_the_seasons_2012,Derek Chavez,1,Jonna Mannion
s23_battle_of_the_seasons_2012,Jonna Mannion,1,Derek Chavez
s23_battle_of_the_seasons_2012,Ashley Kelsey,1,Frank Fox
s23_battle_of_the_seasons_2012,Frank Fox,1,Ashley Kelsey
s24_rivals_ii,Emily Schromm,1,Paula Meronek
s24_rivals_ii,Paula Meronek,1,Emily Schromm
s24_rivals_ii,Trey Weatherholtz,1,Zach Nichols
s24_rivals_ii,Zach Nichols,1,Trey Weatherholtz
s24_rivals_ii,Dunbar Merrill,1,Tyri Ballard-Brown
s24_rivals_ii,Tyri Ballard-Brown,1,Dunbar Merrill
s24_rivals_ii,Derek Chavez,1,Robb Schreiber
s24_rivals_ii,Robb Schreiber,1,Derek Chavez
s24_rivals_ii,Anastasia Miller,1,Jessica McCain
s24_rivals_ii,Jessica McCain,1,Anastasia Miller
s24_rivals_ii,Cara Maria Sorbello,1,Heather Cooke
s24_rivals_ii,Heather Cooke,1,Cara Maria Sorbello
s24_rivals_ii,Frank Fox,1,Johnny Bananas
s24_rivals_ii,Johnny Bananas,1,Frank Fox
s24_rivals_ii,Ryan Knight,1,Preston Roberson-Charles
s24_rivals_ii,Preston Roberson-Charles,1,Ryan Knight
s24_rivals_ii,Jordan Wiseley,1,Marlon Williams
s24_rivals_ii,Marlon Williams,1,Jordan Wiseley
s24_rivals_ii,Jasmine Reynaud,1,Theresa Jones
s24_rivals_ii,Theresa Jones,1,Jasmine Reynaud
s24_rivals_ii,CT Tamburello,1,Wes Bergmann
s24_rivals_ii,Wes Bergmann,1,CT Tamburello
s24_rivals_ii,Leroy Garrett,1,Ty Ruff
s24_rivals_ii,Ty Ruff,1,Leroy Garrett
s24_rivals_ii,Camila Nakagawa,1,Jemmye Carroll
s24_rivals_ii,Jemmye Carroll,1,Camila Nakagawa
s24_rivals_ii,Aneesa Ferreira,1,Diem Brown
s24_rivals_ii,Diem Brown,1,Aneesa Ferreira
s24_rivals_ii,Jonna Mannion,1,Nany González
s24_rivals_ii,Nany González,1,Jonna Mannion
s25_free_agents,Cohutta Grindstaff,1,Laurel Stucky
s25_free_agents,Laurel Stucky,1,Cohutta Grindstaff
s25_free_agents,Laurel Stucky,2,Theresa Jones
s25_free_agents,Nany González,1,Theresa Jones
s25_free_agents,Nany González,2,Johnny Bananas
s25_free_agents,Theresa Jones,1,Nany González
s25_free_agents,Theresa Jones,2,Laurel Stucky
s25_free_agents,CT Tamburello,1,Zach Nichols
s25_free_agents,CT Tamburello,2,Johnny Bananas
s25_free_agents,Zach Nichols,1,CT Tamburello
s25_free_agents,Johnny Bananas,1,Nany González
s25_free_agents,Johnny Bananas,2,CT Tamburello
s26_battle_of_the_exes_ii,Theresa Jones,1,Wes Bergmann
s26_battle_of_the_exes_ii,Theresa Jones,2,Leroy Garrett
s26_battle_of_the_exes_ii,Wes Bergmann,1,Theresa Jones
s26_battle_of_the_exes_ii,Adam Kuhn,1,Brittany Baldi
s26_battle_of_the_exes_ii,Brittany Baldi,1,Adam Kuhn
s26_battle_of_the_exes_ii,Dustin Zito,1,Jessica McCain
s26_battle_of_the_exes_ii,Jessica McCain,1,Dustin Zito
s26_battle_of_the_exes_ii,Johnny Bananas,1,Nany González
s26_battle_of_the_exes_ii,Nany González,1,Johnny Bananas
s26_battle_of_the_exes_ii,Averey Tressler,1,Johnny Reilly
s26_battle_of_the_exes_ii,Johnny Reilly,1,Averey Tressler
s26_battle_of_the_exes_ii,Hailey Chivers,1,Thomas Buell
s26_battle_of_the_exes_ii,Thomas Buell,1,Hailey Chivers
s26_battle_of_the_exes_ii,Jordan Wiseley,1,Sarah Rice
s26_battle_of_the_exes_ii,Sarah Rice,1,Jordan Wiseley
s26_battle_of_the_exes_ii,John Jacobs,1,Simone Kelly
s26_battle_of_the_exes_ii,Simone Kelly,1,John Jacobs
s26_battle_of_the_exes_ii,Jonna Mannion,1,Zach Nichols
s26_battle_of_the_exes_ii,Zach Nichols,1,Jonna Mannion
s26_battle_of_the_exes_ii,Jemmye Carroll,1,Ryan Knight
s26_battle_of_the_exes_ii,Ryan Knight,1,Jemmye Carroll
s26_battle_of_the_exes_ii,Leroy Garrett,1,Nia Moore
s26_battle_of_the_exes_ii,Leroy Garrett,2,Theresa Jones
s26_battle_of_the_exes_ii,Nia Moore,1,Leroy Garrett
s26_battle_of_the_exes_ii,Jay Mitchell,1,Jenna Compono
s26_battle_of_the_exes_ii,Jenna Compono,1,Jay Mitchell
s27_battle_of_the_bloodlines,Cohutta Grindstaff,1,Jill Tuttle
s27_battle_of_the_bloodlines,Jill Tuttle,1,Cohutta Grindstaff
s27_battle_of_the_bloodlines,Jenna Compono,1,Brianna Julig
s27_battle_of_the_bloodlines,Brianna Julig,1,Jenna Compono
s27_battle_of_the_bloodlines,Christina LeBlanc,1,Emily Reese
s27_battle_of_the_bloodlines,Emily Reese,1,Christina LeBlanc
s27_battle_of_the_bloodlines,Cara Maria Sorbello,1,Jamie Banks
s27_battle_of_the_bloodlines,Jamie Banks,1,Cara Maria Sorbello
s27_battle_of_the_bloodlines,Thomas Buell,1,Stephen Buell
s27_battle_of_the_bloodlines,Stephen Buell,1,Thomas Buell
s27_battle_of_the_bloodlines,Camila Nakagawa,1,Larissa Nakagawa
s27_battle_of_the_bloodlines,Larissa Nakagawa,1,Camila Nakagawa
s27_battle_of_the_bloodlines,Dario Medrano,1,Raphy Medrano
s27_battle_of_the_bloodlines,Raphy Medrano,1,Dario Medrano
s27_battle_of_the_bloodlines,Nany González,1,Nicole Ramos
s27_battle_of_the_bloodlines,Nicole Ramos,1,Nany González
s27_battle_of_the_bloodlines,KellyAnne Judd,1,Anthony Cuomo
s27_battle_of_the_bloodlines,Anthony Cuomo,1,KellyAnne Judd
s27_battle_of_the_bloodlines,Abram Boise,1,Mike Boise
s27_battle_of_the_bloodlines,Mike Boise,1,Abram Boise
s27_battle_of_the_bloodlines,Cory Wharton,1,Mitch Reid
s27_battle_of_the_bloodlines,Mitch Reid,1,Cory Wharton
s27_battle_of_the_bloodlines,Johnny Bananas,1,Vince Gliatta
s27_battle_of_the_bloodlines,Vince Gliatta,1,Johnny Bananas
s27_battle_of_the_bloodlines,Aneesa Ferreira,1,Rianna Polin
s27_battle_of_the_bloodlines,Rianna Polin,1,Aneesa Ferreira
s28_rivals_iii,Jenna Compono,1,Vince Gliatta
s28_rivals_iii,Vince Gliatta,1,Jenna Compono
s28_rivals_iii,Jessica McCain,1,Johnny Reilly
s28_rivals_iii,Johnny Reilly,1,Jessica McCain
s28_rivals_iii,Brandon Tindel,1,Briana LaCuesta
s28_rivals_iii,Briana LaCuesta,1,Brandon Tindel
s28_rivals_iii,Cheyenne Floyd,1,Devin Walker
s28_rivals_iii,Devin Walker,1,Cheyenne Floyd
s28_rivals_iii,Ashley Mitchell,1,Cory Wharton
s28_rivals_iii,Cory Wharton,1,Ashley Mitchell
s28_rivals_iii,Amanda Garcia,1,Nelson Thomas
s28_rivals_iii,Nelson Thomas,1,Amanda Garcia
s28_rivals_iii,Simone Kelly,1,Thomas Buell
s28_rivals_iii,Thomas Buell,1,Simone Kelly
s28_rivals_iii,Johnny Bananas,1,Sarah Rice
s28_rivals_iii,Sarah Rice,1,Johnny Bananas
s28_rivals_iii,Camila Nakagawa,1,Tony Raines
s28_rivals_iii,Tony Raines,1,Camila Nakagawa
s28_rivals_iii,Nany González,1,Wes Bergmann
s28_rivals_iii,Wes Bergmann,1,Nany González
s28_rivals_iii,Christina LeBlanc,1,Nate Siebenmark
s28_rivals_iii,Nate Siebenmark,1,Christina LeBlanc
s28_rivals_iii,Jamie Banks,1,KellyAnne Judd
s28_rivals_iii,KellyAnne Judd,1,Jamie Banks
s28_rivals_iii,Dario Medrano,1,Nicole Ramos
s28_rivals_iii,Nicole Ramos,1,Dario Medrano
s29_invasion_of_the_champions,Johnny Bananas,1,Darrell Taylor
s29_invasion_of_the_champions,Darrell Taylor,1,Johnny Bananas
s29_invasion_of_the_champions,Darrell Taylor,2,CT Tamburello
s29_invasion_of_the_champions,Cara Maria Sorbello,1,Laurel Stucky
s29_invasion_of_the_champions,Laurel Stucky,1,Cara Maria Sorbello
s29_invasion_of_the_champions,Laurel Stucky,2,Camila Nakagawa
s29_invasion_of_the_champions,CT Tamburello,1,Darrell Taylor
s29_invasion_of_the_champions,Camila Nakagawa,1,Laurel Stucky
s30_xxx_dirty_30,Cara Maria Sorbello,1,CT Tamburello
s30_xxx_dirty_30,CT Tamburello,1,Cara Maria Sorbello
s30_xxx_dirty_30,Nelson Thomas,1,Veronica Portillo
s30_xxx_dirty_30,Veronica Portillo,1,Nelson Thomas
s32_final_reckoning,Amanda Garcia,1,Zach Nichols
s32_final_reckoning,Zach Nichols,1,Amanda Garcia
s32_final_reckoning,Britni Thornton,1,Chuck Mowery
s32_final_reckoning,Chuck Mowery,1,Britni Thornton
s32_final_reckoning,Jemmye Carroll,1,Jenna Compono
s32_final_reckoning,Jenna Compono,1,Jemmye Carroll
s32_final_reckoning,Da'Vonne Rogers,1,Jozea Flores
s32_final_reckoning,Jozea Flores,1,Da'Vonne Rogers
s32_final_reckoning,Brad Fiorenza,1,Kyle Christie
s32_final_reckoning,Kyle Christie,1,Brad Fiorenza
s32_final_reckoning,Natalie Negrotti,1,Paulie Calafiore
s32_final_reckoning,Paulie Calafiore,1,Natalie Negrotti
s32_final_reckoning,Kam Williams,1,Kayleigh Morris
s32_final_reckoning,Kayleigh Morris,1,Kam Williams
s32_final_reckoning,CT Tamburello,1,Veronica Portillo
s32_final_reckoning,Veronica Portillo,1,CT Tamburello
s32_final_reckoning,Derrick Henry,1,Tori Deal
s32_final_reckoning,Tori Deal,1,Derrick Henry
s32_final_reckoning,Joss Mooney,1,Sylvia Elsrode
s32_final_reckoning,Sylvia Elsrode,1,Joss Mooney
s32_final_reckoning,Angela Babicz,1,Faith Stowers
s32_final_reckoning,Faith Stowers,1,Angela Babicz
s32_final_reckoning,Ashley Mitchell,1,Hunter Barfield
s32_final_reckoning,Hunter Barfield,1,Ashley Mitchell
s32_final_reckoning,Johnny Bananas,1,Tony Raines
s32_final_reckoning,Tony Raines,1,Johnny Bananas
s32_final_reckoning,Nelson Thomas,1,Shane Landrum
s32_final_reckoning,Shane Landrum,1,Nelson Thomas
s32_final_reckoning,Cory Wharton,1,Devin Walker
s32_final_reckoning,Devin Walker,1,Cory Wharton
s32_final_reckoning,Cara Maria Sorbello,1,Marie Roda
s32_final_reckoning,Marie Roda,1,Cara Maria Sorbello
s33_war_of_the_worlds,Amanda Garcia,1,Josh Martinez
s33_war_of_the_worlds,Josh Martinez,1,Amanda Garcia
s33_war_of_the_worlds,Johnny Bananas,1,Morgan Willett
s33_war_of_the_worlds,Morgan Willett,1,Johnny Bananas
s33_war_of_the_worlds,Cara Maria Sorbello,1,Theo Campbell
s33_war_of_the_worlds,Theo Campbell,1,Cara Maria Sorbello
s33_war_of_the_worlds,Ashley Mitchell,1,Chase McNary
s33_war_of_the_worlds,Chase McNary,1,Ashley Mitchell
s33_war_of_the_worlds,Hunter Barfield,1,Georgia Harrison
s33_war_of_the_worlds,Georgia Harrison,1,Hunter Barfield
s33_war_of_the_worlds,Georgia Harrison,2,Paulie Calafiore
s33_war_of_the_worlds,Zach Nichols,1,Zahida Allen
s33_war_of_the_worlds,Zahida Allen,1,Zach Nichols
s33_war_of_the_worlds,Kam Williams,1,Ashley Cain
s33_war_of_the_worlds,Ashley Cain,1,Kam Williams
s33_war_of_the_worlds,Paulie Calafiore,1,Natalie Duran
s33_war_of_the_worlds,Paulie Calafiore,2,Georgia Harrison
s33_war_of_the_worlds,Natalie Duran,1,Paulie Calafiore
s33_war_of_the_worlds,Natalie Duran,2,Turbo Çamkıran
s33_war_of_the_worlds,Wes Bergmann,1,Dee Nguyen
s33_war_of_the_worlds,Wes Bergmann,2,Da'Vonne Rogers
s33_war_of_the_worlds,Dee Nguyen,1,Wes Bergmann
s33_war_of_the_worlds,Kyle Christie,1,Mattie Lynn Breaux
s33_war_of_the_worlds,Mattie Lynn Breaux,1,Kyle Christie
s33_war_of_the_worlds,Nany González,1,Turbo Çamkıran
s33_war_of_the_worlds,Turbo Çamkıran,1,Nany González
s33_war_of_the_worlds,Turbo Çamkıran,2,Natalie Duran
s33_war_of_the_worlds,CT Tamburello,1,Julia Nolan
s33_war_of_the_worlds,Julia Nolan,1,CT Tamburello
s33_war_of_the_worlds,Natalie Negrotti,1,JP Andrade
s33_war_of_the_worlds,JP Andrade,1,Natalie Negrotti
s33_war_of_the_worlds,Da'Vonne Rogers,1,Stephen Bear
s33_war_of_the_worlds,Da'Vonne Rogers,2,Wes Bergmann
s33_war_of_the_worlds,Stephen Bear,1,Da'Vonne Rogers
s33_war_of_the_worlds,Jenna Compono,1,Gus Smyrnios
s33_war_of_the_worlds,Gus Smyrnios,1,Jenna Compono
s33_war_of_the_worlds,Leroy Garrett,1,Shaleen Sutherland
s33_war_of_the_worlds,Shaleen Sutherland,1,Leroy Garrett
s35_total_madness,Jordan Wiseley,1,Nany González
s35_total_madness,Nany González,1,Jordan Wiseley
s36_double_agents,Aneesa Ferreira,1,Faysal Shafaat
s36_double_agents,Aneesa Ferreira,2,Leroy Garrett
s36_double_agents,Aneesa Ferreira,3,Kyle Christie
s36_double_agents,Faysal Shafaat,1,Aneesa Ferreira
s36_double_agents,Faysal Shafaat,2,Amber Borzotra
s36_double_agents,Ashley Mitchell,1,CT Tamburello
s36_double_agents,Ashley Mitchell,2,Cory Wharton
s36_double_agents,CT Tamburello,1,Ashley Mitchell
s36_double_agents,CT Tamburello,2,Big T Fazakerley
s36_double_agents,CT Tamburello,3,Amber Borzotra
s36_double_agents,Natalie Anderson,1,Wes Bergmann
s36_double_agents,Wes Bergmann,1,Natalie Anderson
s36_double_agents,Big T Fazakerley,1,Joseph Allen
s36_double_agents,Big T Fazakerley,2,CT Tamburello
s36_double_agents,Big T Fazakerley,3,Cory Wharton
s36_double_agents,Big T Fazakerley,4,CT Tamburello
s36_double_agents,Joseph Allen,1,Big T Fazakerley
s36_double_agents,Kyle Christie,1,Nany González
s36_double_agents,Kyle Christie,2,Kam Williams
s36_double_agents,Kyle Christie,3,Nany González
s36_double_agents,Kyle Christie,4,Aneesa Ferreira
s36_double_agents,Kyle Christie,5,Amber Borzotra
s36_double_agents,Kyle Christie,6,Nany González
s36_double_agents,Nany González,1,Kyle Christie
s36_double_agents,Nany González,2,Josh Martinez
s36_double_agents,Nany González,3,Kyle Christie
s36_double_agents,Kaycee Clark,1,Leroy Garrett
s36_double_agents,Leroy Garrett,1,Kaycee Clark
s36_double_agents,Leroy Garrett,2,Aneesa Ferreira
s36_double_agents,Leroy Garrett,3,Kaycee Clark
s36_double_agents,Devin Walker,1,Nicole Zanatta
s36_double_agents,Devin Walker,2,Tori Deal
s36_double_agents,Devin Walker,3,Gabby Allen
s36_double_agents,Nicole Zanatta,1,Devin Walker
s36_double_agents,Tori Deal,1,Devin Walker
s36_double_agents,Amber Martinez,1,Nelson Thomas
s36_double_agents,Amber Martinez,2,Mechie Harris
s36_double_agents,Amber Martinez,3,Cory Wharton
s36_double_agents,Nelson Thomas,1,Amber Martinez
s36_double_agents,Jay Starrett,1,Theresa Jones
s36_double_agents,Theresa Jones,1,Jay Starrett
s36_double_agents,Theresa Jones,2,Cory Wharton
s36_double_agents,Cory Wharton,1,Ashley Mitchell
s36_double_agents,Cory Wharton,2,Theresa Jones
s36_double_agents,Cory Wharton,3,Amber Martinez
s36_double_agents,Cory Wharton,4,Gabby Allen
s36_double_agents,Cory Wharton,5,Big T Fazakerley
s36_double_agents,Cory Wharton,6,Kam Williams
s36_double_agents,Kam Williams,1,Kyle Christie
s36_double_agents,Kam Williams,2,Cory Wharton
s36_double_agents,Mechie Harris,1,Amber Martinez
s36_double_agents,Josh Martinez,1,Nany González
s36_double_agents,Amber Borzotra,1,Darrell Taylor
s36_double_agents,Amber Borzotra,2,Kyle Christie
s36_double_agents,Amber Borzotra,3,Faysal Shafaat
s36_double_agents,Amber Borzotra,4,CT Tamburello
s36_double_agents,Darrell Taylor,1,Amber Borzotra
s36_double_agents,Gabby Allen,1,Devin Walker
s36_double_agents,Gabby Allen,2,Cory Wharton
s37_spies_lies_allies,Aneesa Ferreira,1,Logan Sampedro
s37_spies_lies_allies,Logan Sampedro,1,Aneesa Ferreira
s37_spies_lies_allies,Logan Sampedro,2,Nany González
s37_spies_lies_allies,Michaela Bradshaw,1,Renan Hellemans
s37_spies_lies_allies,Renan Hellemans,1,Michaela Bradshaw
s37_spies_lies_allies,Corey Lay,1,Michele Fitzgerald
s37_spies_lies_allies,Corey Lay,2,Berna Canbeldek
s37_spies_lies_allies,Corey Lay,3,Michele Fitzgerald
s37_spies_lies_allies,Michele Fitzgerald,1,Corey Lay
s37_spies_lies_allies,Esther Agunbiade,1,Faysal Shafaat
s37_spies_lies_allies,Faysal Shafaat,1,Esther Agunbiade
s37_spies_lies_allies,Kelz Dyke,1,Tracy Candela
s37_spies_lies_allies,Tracy Candela,1,Kelz Dyke
s37_spies_lies_allies,Ed Eason,1,Emy Alupei
s37_spies_lies_allies,Ed Eason,2,Tori Deal
s37_spies_lies_allies,Emy Alupei,1,Ed Eason
s37_spies_lies_allies,Emy Alupei,2,CT Tamburello
s37_spies_lies_allies,Tori Deal,1,Ed Eason
s37_spies_lies_allies,Jeremiah White,1,Tacha Akide
s37_spies_lies_allies,Jeremiah White,2,Priscilla Anyabu
s37_spies_lies_allies,Jeremiah White,3,Amber Borzotra
s37_spies_lies_allies,Tacha Akide,1,Jeremiah White
s37_spies_lies_allies,Berna Canbeldek,1,Corey Lay
s37_spies_lies_allies,Berna Canbeldek,2,CT Tamburello
s37_spies_lies_allies,Berna Canbeldek,3,Hughie Maughan
s37_spies_lies_allies,Amber Borzotra,1,Hughie Maughan
s37_spies_lies_allies,Amber Borzotra,2,Jeremiah White
s37_spies_lies_allies,Hughie Maughan,1,Amber Borzotra
s37_spies_lies_allies,Hughie Maughan,2,Berna Canbeldek
s37_spies_lies_allies,CT Tamburello,1,Berna Canbeldek
s37_spies_lies_allies,CT Tamburello,2,Emy Alupei
s37_spies_lies_allies,CT Tamburello,3,Kaycee Clark
s37_spies_lies_allies,Emanuel Neagu,1,Kaycee Clark
s37_spies_lies_allies,Kaycee Clark,1,Emanuel Neagu
s37_spies_lies_allies,Kaycee Clark,2,CT Tamburello
s37_spies_lies_allies,Priscilla Anyabu,1,Jeremiah White
s37_spies_lies_allies,Nany González,1,Logan Sampedro
s37_spies_lies_allies,Bettina Buchanan,1,Cory Wharton
s37_spies_lies_allies,Cory Wharton,1,Bettina Buchanan
s38_ride_or_dies,Johnny Middlebrooks,1,Ravyn Rochelle
s38_ride_or_dies,Ravyn Rochelle,1,Johnny Middlebrooks
s38_ride_or_dies,Kailah Casillas-Bird,1,Sam Bird
s38_ride_or_dies,Sam Bird,1,Kailah Casillas-Bird
s38_ride_or_dies,Colleen Schneider,1,Kim Tränka
s38_ride_or_dies,Kim Tränka,1,Colleen Schneider
s38_ride_or_dies,Jakk Maddox,1,Laurel Stucky
s38_ride_or_dies,Laurel Stucky,1,Jakk Maddox
s38_ride_or_dies,Devin Walker,1,Tori Deal
s38_ride_or_dies,Tori Deal,1,Devin Walker
s38_ride_or_dies,Johnny Bananas,1,Nany González
s38_ride_or_dies,Nany González,1,Johnny Bananas
s38_ride_or_dies,Tamara Alfaro,1,Turbo Çamkıran
s38_ride_or_dies,Turbo Çamkıran,1,Tamara Alfaro
s38_ride_or_dies,Jay Starrett,1,Michele Fitzgerald
s38_ride_or_dies,Michele Fitzgerald,1,Jay Starrett
s38_ride_or_dies,Horacio Gutiérrez Jr.,1,Olivia Kaiser
s38_ride_or_dies,Olivia Kaiser,1,Horacio Gutiérrez Jr.
s38_ride_or_dies,Faysal Shafaat,1,Moriah Jade
s38_ride_or_dies,Moriah Jade,1,Faysal Shafaat
s38_ride_or_dies,Analyse Talavera,1,Tommy Bracco
s38_ride_or_dies,Tommy Bracco,1,Analyse Talavera
s38_ride_or_dies,Nelson Thomas,1,Nurys Mateo
s38_ride_or_dies,Nurys Mateo,1,Nelson Thomas
s38_ride_or_dies,Darrell Taylor,1,Veronica Portillo
s38_ride_or_dies,Veronica Portillo,1,Darrell Taylor
s38_ride_or_dies,Aneesa Ferreira,1,Jordan Wiseley
s38_ride_or_dies,Jordan Wiseley,1,Aneesa Ferreira
s38_ride_or_dies,Kaycee Clark,1,Kenny Clark
s38_ride_or_dies,Kenny Clark,1,Kaycee Clark
s38_ride_or_dies,Amber Borzotra,1,Chauncey Palmer
s38_ride_or_dies,Chauncey Palmer,1,Amber Borzotra
s39_battle_for_a_new_champion,Corey Lay,1,Ravyn Rochelle
s39_battle_for_a_new_champion,Ravyn Rochelle,1,Corey Lay
s41_vets_and_new_threats,Johnny Bananas,1,Dee Valladares
s41_vets_and_new_threats,Johnny Bananas,2,Leka Sodade
s41_vets_and_new_threats,Dee Valladares,1,Johnny Bananas
s41_vets_and_new_threats,Dee Valladares,2,Derek Chavez
s41_vets_and_new_threats,Dee Valladares,3,Derrick Kosinski
s41_vets_and_new_threats,Theo Campbell,1,Izzy Fairthorne
s41_vets_and_new_threats,Theo Campbell,2,Adrienne Naylor
s41_vets_and_new_threats,Izzy Fairthorne,1,Theo Campbell
s41_vets_and_new_threats,Izzy Fairthorne,2,Turbo Çamkıran
s41_vets_and_new_threats,Izzy Fairthorne,3,Derek Chavez
s41_vets_and_new_threats,Izzy Fairthorne,4,Will Gagnon
s41_vets_and_new_threats,Rogan O'Connor,1,Adrienne Naylor
s41_vets_and_new_threats,Adrienne Naylor,1,Rogan O'Connor
s41_vets_and_new_threats,Adrienne Naylor,2,Theo Campbell
s41_vets_and_new_threats,Turbo Çamkıran,1,Leka Sodade
s41_vets_and_new_threats,Turbo Çamkıran,2,Izzy Fairthorne
s41_vets_and_new_threats,Turbo Çamkıran,3,Sydney Segal
s41_vets_and_new_threats,Leka Sodade,1,Turbo Çamkıran
s41_vets_and_new_threats,Leka Sodade,2,Johnny Bananas
s41_vets_and_new_threats,Leka Sodade,3,CT Tamburello
s41_vets_and_new_threats,Derek Chavez,1,Tay Wilcoxson
s41_vets_and_new_threats,Derek Chavez,2,Izzy Fairthorne
s41_vets_and_new_threats,Derek Chavez,3,Dee Valladares
s41_vets_and_new_threats,Derek Chavez,4,Aviv Melmed
s41_vets_and_new_threats,Tay Wilcoxson,1,Derek Chavez
s41_vets_and_new_threats,Tay Wilcoxson,2,CT Tamburello
s41_vets_and_new_threats,Derrick Kosinski,1,Blue Kim
s41_vets_and_new_threats,Derrick Kosinski,2,Dee Valladares
s41_vets_and_new_threats,Blue Kim,1,Derrick Kosinski
s41_vets_and_new_threats,Leonardo Dionicio,1,Sydney Segal
s41_vets_and_new_threats,Sydney Segal,1,Leonardo Dionicio
s41_vets_and_new_threats,Sydney Segal,2,Yeremi Hykel
s41_vets_and_new_threats,Sydney Segal,3,Turbo Çamkıran
s41_vets_and_new_threats,CT Tamburello,1,Leka Sodade
s41_vets_and_new_threats,CT Tamburello,2,Tay Wilcoxson
s41_vets_and_new_threats,Will Gagnon,1,Izzy Fairthorne
s41_vets_and_new_threats,Will Gagnon,2,Aviv Melmed
s41_vets_and_new_threats,Yeremi Hykel,1,Sydney Segal
s41_vets_and_new_threats,Yeremi Hykel,2,Aviv Melmed
s41_vets_and_new_threats,Yeremi Hykel,3,Olivia Kaiser
s41_vets_and_new_threats,Aviv Melmed,1,Derek Chavez
s41_vets_and_new_threats,Aviv Melmed,2,Yeremi Hykel
s41_vets_and_new_threats,Aviv Melmed,3,Will Gagnon
s41_vets_and_new_threats,Michaela Bradshaw,1,Cedric Hodges
s41_vets_and_new_threats,Cedric Hodges,1,Michaela Bradshaw
s41_vets_and_new_threats,Nany Gonzalez,1,Justin Hinsley
s41_vets_and_new_threats,Justin Hinsley,1,Nany Gonzalez
s41_vets_and_new_threats,Leroy Garrett,1,America Lopez
s41_vets_and_new_threats,America Lopez,1,Leroy Garrett
s41_vets_and_new_threats,Olivia Kaiser,1,Yeremi Hykel
